{"errors":[],"warnings":[],"namedChunkGroups":{"polyfill":{"chunks":[2,0,9],"assets":["webpack-runtime-0e6be0957268dee911e2.js","webpack-runtime-0e6be0957268dee911e2.js.map","commons-dc0952f3cc912bd9fdcc.js","commons-dc0952f3cc912bd9fdcc.js.map","polyfill-da901081db5f1889332d.js","polyfill-da901081db5f1889332d.js.map"],"children":{},"childAssets":{}},"app":{"chunks":[2,8,3],"assets":["webpack-runtime-0e6be0957268dee911e2.js","webpack-runtime-0e6be0957268dee911e2.js.map","framework-63ec46a3540d83159f28.js","framework-63ec46a3540d83159f28.js.map","app-f66d77b4fb79a52577e1.js","app-f66d77b4fb79a52577e1.js.map"],"children":{},"childAssets":{}},"component---src-pages-404-js":{"chunks":[1,0,4],"assets":["styles.90f5caff479c50fd20ea.css","styles-c2fe8482057191dca484.js","styles-c2fe8482057191dca484.js.map","commons-dc0952f3cc912bd9fdcc.js","commons-dc0952f3cc912bd9fdcc.js.map","component---src-pages-404-js-e77448dbc5a6a179eb4f.js","component---src-pages-404-js-e77448dbc5a6a179eb4f.js.map"],"children":{},"childAssets":{}},"component---src-pages-contribute-js":{"chunks":[1,0,5],"assets":["styles.90f5caff479c50fd20ea.css","styles-c2fe8482057191dca484.js","styles-c2fe8482057191dca484.js.map","commons-dc0952f3cc912bd9fdcc.js","commons-dc0952f3cc912bd9fdcc.js.map","component---src-pages-contribute-js-7c6603c45813943dd2d4.js","component---src-pages-contribute-js-7c6603c45813943dd2d4.js.map"],"children":{},"childAssets":{}},"component---src-pages-index-js":{"chunks":[1,0,6],"assets":["styles.90f5caff479c50fd20ea.css","styles-c2fe8482057191dca484.js","styles-c2fe8482057191dca484.js.map","commons-dc0952f3cc912bd9fdcc.js","commons-dc0952f3cc912bd9fdcc.js.map","component---src-pages-index-js-a986fee0cd642865aba3.js","component---src-pages-index-js-a986fee0cd642865aba3.js.map"],"children":{},"childAssets":{}},"component---src-pages-team-js":{"chunks":[1,0,7],"assets":["styles.90f5caff479c50fd20ea.css","styles-c2fe8482057191dca484.js","styles-c2fe8482057191dca484.js.map","commons-dc0952f3cc912bd9fdcc.js","commons-dc0952f3cc912bd9fdcc.js.map","component---src-pages-team-js-9fb82c793ea452ec29a3.js","component---src-pages-team-js-9fb82c793ea452ec29a3.js.map"],"children":{},"childAssets":{}}},"assetsByChunkName":{"polyfill":["webpack-runtime-0e6be0957268dee911e2.js","commons-dc0952f3cc912bd9fdcc.js","polyfill-da901081db5f1889332d.js"],"app":["webpack-runtime-0e6be0957268dee911e2.js","framework-63ec46a3540d83159f28.js","app-f66d77b4fb79a52577e1.js"],"component---src-pages-404-js":["styles.90f5caff479c50fd20ea.css","styles-c2fe8482057191dca484.js","commons-dc0952f3cc912bd9fdcc.js","component---src-pages-404-js-e77448dbc5a6a179eb4f.js"],"component---src-pages-contribute-js":["styles.90f5caff479c50fd20ea.css","styles-c2fe8482057191dca484.js","commons-dc0952f3cc912bd9fdcc.js","component---src-pages-contribute-js-7c6603c45813943dd2d4.js"],"component---src-pages-index-js":["styles.90f5caff479c50fd20ea.css","styles-c2fe8482057191dca484.js","commons-dc0952f3cc912bd9fdcc.js","component---src-pages-index-js-a986fee0cd642865aba3.js"],"component---src-pages-team-js":["styles.90f5caff479c50fd20ea.css","styles-c2fe8482057191dca484.js","commons-dc0952f3cc912bd9fdcc.js","component---src-pages-team-js-9fb82c793ea452ec29a3.js"]}}