{"name":"build-javascript","namedChunkGroups":{"app":{"name":"app","assets":[{"name":"webpack-runtime-e13f80356d1af350bf30.js","size":5050},{"name":"framework-a1032243db57e6807a4e.js","size":141425},{"name":"app-2073cdd5a24cc0bb7be4.js","size":61350}],"filteredAssets":0,"assetsSize":207825,"filteredAuxiliaryAssets":3,"auxiliaryAssetsSize":598648},"component---src-pages-404-js":{"name":"component---src-pages-404-js","assets":[{"name":"styles.b913e9a51531ed2350eb.css","size":153160},{"name":"commons-0938ea8f01422a501300.js","size":15231},{"name":"component---src-pages-404-js-20ed99f0e019b74ae562.js","size":1205}],"filteredAssets":0,"assetsSize":169596,"filteredAuxiliaryAssets":2,"auxiliaryAssetsSize":70701},"component---src-pages-contribute-js":{"name":"component---src-pages-contribute-js","assets":[{"name":"styles.b913e9a51531ed2350eb.css","size":153160},{"name":"framework-a1032243db57e6807a4e.js","size":141425},{"name":"commons-0938ea8f01422a501300.js","size":15231},{"name":"component---src-pages-contribute-js-509b95591cbdeb3397c2.js","size":3659}],"filteredAssets":0,"assetsSize":313475,"filteredAuxiliaryAssets":3,"auxiliaryAssetsSize":436676},"component---src-pages-index-js":{"name":"component---src-pages-index-js","assets":[{"name":"styles.b913e9a51531ed2350eb.css","size":153160},{"name":"framework-a1032243db57e6807a4e.js","size":141425},{"name":"commons-0938ea8f01422a501300.js","size":15231},{"name":"component---src-pages-index-js-b81833154df663f15391.js","size":32715}],"filteredAssets":0,"assetsSize":342531,"filteredAuxiliaryAssets":3,"auxiliaryAssetsSize":450642},"component---src-pages-team-js":{"name":"component---src-pages-team-js","assets":[{"name":"styles.b913e9a51531ed2350eb.css","size":153160},{"name":"framework-a1032243db57e6807a4e.js","size":141425},{"name":"commons-0938ea8f01422a501300.js","size":15231},{"name":"component---src-pages-team-js-e43d5e6668723082d458.js","size":6590}],"filteredAssets":0,"assetsSize":316406,"filteredAuxiliaryAssets":3,"auxiliaryAssetsSize":442477}},"assetsByChunkName":{"app":["webpack-runtime-e13f80356d1af350bf30.js","framework-a1032243db57e6807a4e.js","app-2073cdd5a24cc0bb7be4.js"],"component---src-pages-404-js":["styles.b913e9a51531ed2350eb.css","commons-0938ea8f01422a501300.js","component---src-pages-404-js-20ed99f0e019b74ae562.js"],"component---src-pages-contribute-js":["styles.b913e9a51531ed2350eb.css","framework-a1032243db57e6807a4e.js","commons-0938ea8f01422a501300.js","component---src-pages-contribute-js-509b95591cbdeb3397c2.js"],"component---src-pages-index-js":["styles.b913e9a51531ed2350eb.css","framework-a1032243db57e6807a4e.js","commons-0938ea8f01422a501300.js","component---src-pages-index-js-b81833154df663f15391.js"],"component---src-pages-team-js":["styles.b913e9a51531ed2350eb.css","framework-a1032243db57e6807a4e.js","commons-0938ea8f01422a501300.js","component---src-pages-team-js-e43d5e6668723082d458.js"]},"childAssetsByChunkName":{}}